--
-- PostgreSQL database dump
--

-- Dumped from database version 15.13 (Debian 15.13-1.pgdg120+1)
-- Dumped by pg_dump version 15.13 (Debian 15.13-1.pgdg120+1)

SET statement_timeout = 0;
SET lock_timeout = 0;
SET idle_in_transaction_session_timeout = 0;
SET client_encoding = 'UTF8';
SET standard_conforming_strings = on;
SELECT pg_catalog.set_config('search_path', '', false);
SET check_function_bodies = false;
SET xmloption = content;
SET client_min_messages = warning;
SET row_security = off;

--
-- Data for Name: circlepay_connection_test; Type: TABLE DATA; Schema: public; Owner: postgres
--

COPY public.circlepay_connection_test (id, test_name, status, message, created_at) FROM stdin;
1	JDBC_CONNECTION	SUCCESS	CirclePay Global JDBC 연결 테스트 성공! 🎉	2025-07-28 08:54:27.151263
\.


--
-- Data for Name: users; Type: TABLE DATA; Schema: public; Owner: postgres
--

COPY public.users (id, email, phone, first_name, last_name, country_code, preferred_currency, circle_wallet_id, circle_entity_id, is_verified, is_active, pin_hash, kyc_status, kyc_level, created_at, updated_at, last_login_at, circle_wallet_set_id, primary_wallet_id) FROM stdin;
44	test_multichain_1756258970@example.com	+821056258970	E2E	TestUser	KR	USDC	26e8b9f3-73ba-5015-b7a7-00abb00ca6c8	\N	f	t	8d969eef6ecad3c29a3a629280e686cf0c3f5d5a86aff3ca12020c923adc6c92	pending	1	2025-08-27 01:42:50.842259+00	2025-08-27 01:42:50.881199+00	\N	52de026d-c6d0-5883-9cc1-ca84dde978da	26e8b9f3-73ba-5015-b7a7-00abb00ca6c8
40	heyjae41@maver.com	+821029307501	재원	이	KR	USDC	eb6189b5-751f-51f9-a680-37eac5e46c3b	\N	t	t	8d969eef6ecad3c29a3a629280e686cf0c3f5d5a86aff3ca12020c923adc6c92	pending	1	2025-08-22 02:13:43.358679+00	2025-08-22 11:43:33.499005+00	2025-08-22 02:43:33.506087+00	\N	\N
48	circle1@gmail.com	+82101234567	Circle	KIM	KR	USDC	77e69e83-6160-5c96-9bbf-3a4a24b70332	\N	t	t	8d969eef6ecad3c29a3a629280e686cf0c3f5d5a86aff3ca12020c923adc6c92	pending	1	2025-08-28 12:47:37.487126+00	2025-08-29 06:42:42.15087+00	2025-08-28 21:42:42.155769+00	cb953a5c-7f6e-5617-841f-cf58d363015d	77e69e83-6160-5c96-9bbf-3a4a24b70332
39	heyjae@abccard.com	+821055994223	JAEWON	LEE	KR	USDC	34c3fc23-5a58-5390-982e-c5e94f8300c8	\N	f	t	8d969eef6ecad3c29a3a629280e686cf0c3f5d5a86aff3ca12020c923adc6c92	pending	1	2025-08-05 10:28:09.287442+00	2025-08-29 02:26:04.680315+00	2025-08-28 17:26:04.696697+00	\N	\N
41	newtest@example.com	+821087654321	New	User	KR	USDC	02d10d70-13f1-5d1a-9440-19767334b3e2	\N	f	t	481f6cc0511143ccdd7e2d1b1b94faf0a700a8b49cd13922a70b5ae28acaa8c5	pending	1	2025-08-22 06:17:37.416999+00	2025-08-22 06:17:37.453407+00	\N	\N	\N
45	test_multichain_1756259073@example.com	+821056259073	E2E	TestUser	KR	USDC	053bf79a-a6c8-5bba-be00-9dfe47bdfbed	\N	f	t	8d969eef6ecad3c29a3a629280e686cf0c3f5d5a86aff3ca12020c923adc6c92	pending	1	2025-08-27 01:44:33.568322+00	2025-08-27 01:44:33.603096+00	\N	32bde8e8-cb29-524b-8723-d6491ecdb852	053bf79a-a6c8-5bba-be00-9dfe47bdfbed
46	test_multichain_1756259388@example.com	+821056259388	E2E	TestUser	KR	USDC	b92cadd2-9dc2-56e6-8007-6d086ca98524	\N	f	t	8d969eef6ecad3c29a3a629280e686cf0c3f5d5a86aff3ca12020c923adc6c92	pending	1	2025-08-27 01:49:48.596474+00	2025-08-27 01:49:48.634615+00	\N	cbbbab17-2ffa-5972-9139-8490bbd4687a	b92cadd2-9dc2-56e6-8007-6d086ca98524
1	test@example.com	+821012345678	테스트	사용자	KR	USDC	wallet_07aa7847-9dab-4a00-bf3a-b9fe5c90de7e	\N	f	t	8d969eef6ecad3c29a3a629280e686cf0c3f5d5a86aff3ca12020c923adc6c92	pending	1	2025-07-29 12:51:13.030412+00	2025-08-22 07:30:41.815865+00	2025-08-21 22:30:41.825036+00	\N	\N
43	test_multichain_1756258403@example.com	+821056258403	E2E	TestUser	KR	USDC	\N	\N	f	t	8d969eef6ecad3c29a3a629280e686cf0c3f5d5a86aff3ca12020c923adc6c92	pending	1	2025-08-27 01:33:23.374583+00	\N	\N	\N	\N
47	test_multichain_1756259510@example.com	+821056259510	E2E	TestUser	KR	USDC	7e038135-9538-569a-89b7-fadcca0f2585	\N	f	t	8d969eef6ecad3c29a3a629280e686cf0c3f5d5a86aff3ca12020c923adc6c92	pending	1	2025-08-27 01:51:50.95487+00	2025-08-28 12:34:45.700459+00	2025-08-28 03:34:45.71852+00	d713225c-c802-5647-b3c0-4e220de8aec8	7e038135-9538-569a-89b7-fadcca0f2585
49	circle2@gmail.com	+82101234568	Circle2	Kim	KR	USDC	19e3e734-a514-5f39-9bc2-c181b98731d8	\N	t	t	8d969eef6ecad3c29a3a629280e686cf0c3f5d5a86aff3ca12020c923adc6c92	pending	1	2025-08-28 12:49:44.486903+00	2025-08-28 12:57:39.033797+00	2025-08-28 03:57:39.043585+00	e96b1694-ca80-59ae-a16e-c69b4a56d090	19e3e734-a514-5f39-9bc2-c181b98731d8
\.


--
-- Data for Name: kyc_documents; Type: TABLE DATA; Schema: public; Owner: postgres
--

COPY public.kyc_documents (id, user_id, document_type, document_number, full_name, date_of_birth, nationality, gender, address_line1, address_line2, city, state_province, postal_code, country, occupation, employer, income_range, source_of_funds, file_url, file_type, file_size, verification_status, verification_method, verification_notes, verified_by, verified_at, compliance_check_id, risk_score, risk_factors, created_at, updated_at, expires_at) FROM stdin;
\.


--
-- Data for Name: wallets; Type: TABLE DATA; Schema: public; Owner: postgres
--

COPY public.wallets (id, user_id, circle_wallet_id, wallet_address, chain_id, chain_name, usdc_balance, last_balance_update, is_active, created_at, updated_at) FROM stdin;
1	1	wallet_07aa7847-9dab-4a00-bf3a-b9fe5c90de7e	0x68aa31937e354bcd8d386b36acbf8b85	1	ethereum	0.000000	\N	t	2025-07-29 12:51:13.059648+00	\N
20	39	34c3fc23-5a58-5390-982e-c5e94f8300c8	0xdb625015676ea1667f93219bb529732233134594	11155111	ethereum	0.000000	\N	t	2025-08-05 10:28:09.325945+00	\N
21	40	eb6189b5-751f-51f9-a680-37eac5e46c3b	0xa33a07e38f47a02c6d4fec1c0f8713cfd4d9951c	11155111	ethereum	0.000000	\N	t	2025-08-22 02:13:43.404826+00	\N
22	41	02d10d70-13f1-5d1a-9440-19767334b3e2	0xf1c88c2583639a50722c9c54fbc0381943495760	11155111	ethereum	0.000000	\N	t	2025-08-22 06:17:37.453407+00	\N
27	44	26e8b9f3-73ba-5015-b7a7-00abb00ca6c8	0x52bc1ab357cd3d017f8bcdc7858a73a4340f7414	11155111	ethereum	0.000000	\N	t	2025-08-27 01:42:50.881199+00	\N
28	44	ebee4457-4638-522d-945a-a99b99ded1a4	0x52bc1ab357cd3d017f8bcdc7858a73a4340f7414	84532	base	0.000000	\N	t	2025-08-27 01:42:50.881199+00	\N
29	45	053bf79a-a6c8-5bba-be00-9dfe47bdfbed	0x6086c123d3d690b85ad7ed1d51202f79dcee5c84	11155111	ethereum	0.000000	\N	t	2025-08-27 01:44:33.603096+00	\N
30	45	0d50a1e9-7a7d-5cfe-8f88-880a27708b57	0x6086c123d3d690b85ad7ed1d51202f79dcee5c84	84532	base	0.000000	\N	t	2025-08-27 01:44:33.603096+00	\N
31	46	b92cadd2-9dc2-56e6-8007-6d086ca98524	0x669adff8bdf634d14e7dc601a5949e0c1dd3e4db	11155111	ethereum	0.000000	\N	t	2025-08-27 01:49:48.634615+00	\N
32	46	e0b8debf-4c9f-58cd-b91a-1207e2ed8942	0x669adff8bdf634d14e7dc601a5949e0c1dd3e4db	84532	base	0.000000	\N	t	2025-08-27 01:49:48.634615+00	\N
33	47	7e038135-9538-569a-89b7-fadcca0f2585	0x36dbb4bf9d20e01e0e4759d3111ca6ee92caf9b5	11155111	ethereum	0.000000	\N	t	2025-08-27 01:51:50.978859+00	\N
34	47	486f0b5d-cc6a-5d27-8db0-36a9220bb591	0x36dbb4bf9d20e01e0e4759d3111ca6ee92caf9b5	84532	base	0.000000	\N	t	2025-08-27 01:51:50.978859+00	\N
35	48	77e69e83-6160-5c96-9bbf-3a4a24b70332	0x3bfced9e16f500ddd56fc58cc73dd3c5cee8dee6	11155111	ethereum	0.000000	\N	t	2025-08-28 12:47:37.555982+00	\N
36	48	f887d887-4b9a-5107-843d-e321321bfdb0	0x3bfced9e16f500ddd56fc58cc73dd3c5cee8dee6	84532	base	0.000000	\N	t	2025-08-28 12:47:37.555982+00	\N
37	49	19e3e734-a514-5f39-9bc2-c181b98731d8	0x721ffc290ea1c11c6601344d68fff1d87c8ad053	11155111	ethereum	0.000000	\N	t	2025-08-28 12:49:44.542047+00	\N
38	49	5b324476-3929-517d-9a67-d29261d417cf	0x721ffc290ea1c11c6601344d68fff1d87c8ad053	84532	base	0.000000	\N	t	2025-08-28 12:49:44.542047+00	\N
\.


--
-- Data for Name: transactions; Type: TABLE DATA; Schema: public; Owner: postgres
--

COPY public.transactions (id, user_id, transaction_id, transaction_hash, transaction_type, status, amount, currency, usd_amount, local_amount, local_currency, source_chain, target_chain, source_address, target_address, gas_fee, service_fee, total_fee, merchant_id, merchant_name, qr_code_id, extra_metadata, notes, created_at, completed_at, wallet_id) FROM stdin;
510	48	64e9dbb4-1eb6-56cf-b8c2-232fb280873f	0xc9486d695bc5e32acf94003cc5508eb6a8614c6823ef2dc2d39a8fe627b8355e	received	completed	130.800000	USDC	\N	\N	\N	ETH-SEPOLIA	ETH-SEPOLIA	0xdb625015676ea1667f93219bb529732233134594	0x3bfced9e16f500ddd56fc58cc73dd3c5cee8dee6	\N	\N	\N	\N	\N	\N	{"circle_transaction_id": "64e9dbb4-1eb6-56cf-b8c2-232fb280873f", "circle_wallet_id": 35, "circle_status": "COMPLETE", "circle_type": "INBOUND", "circle_operation": "TRANSFER", "circle_blockchain": "ETH-SEPOLIA", "circle_block_height": 9086234, "circle_network_fee": "0.000025303771040886", "circle_metadata": {}}	Circle API 동기화: INBOUND 거래	2025-08-29 02:27:02+00	2025-08-29 02:27:02+00	35
442	48	b02f7620-cce5-5a67-acf8-00e48b7d38d4	0x32b6d6651ef044e887ab430bdfe7638485c2e2013e8dfdbfab302c93d2418702	received	completed	20.000000	USDC	\N	\N	\N	ETH-SEPOLIA	ETH-SEPOLIA	0x30cb94fe0fa56488bd1806e387e895bd8716ada9	0x3bfced9e16f500ddd56fc58cc73dd3c5cee8dee6	\N	\N	\N	\N	\N	\N	{"circle_transaction_id": "b02f7620-cce5-5a67-acf8-00e48b7d38d4", "circle_wallet_id": 35, "circle_status": "COMPLETE", "circle_type": "INBOUND", "circle_operation": "TRANSFER", "circle_blockchain": "ETH-SEPOLIA", "circle_block_height": 9082225, "circle_network_fee": "0.000143053565956503", "circle_metadata": {}}	Circle API 동기화: INBOUND 거래	2025-08-28 12:54:30+00	2025-08-28 12:54:30+00	35
421	47	6e77320e-6e8a-5bac-ab4a-de55915faa49	0x490be0a8847f5140b3f061a189a0095e8354931301478bddab8fe30528042310	received	completed	20.000000	USDC	\N	\N	\N	ETH-SEPOLIA	ETH-SEPOLIA	0x30cb94fe0fa56488bd1806e387e895bd8716ada9	0x36dbb4bf9d20e01e0e4759d3111ca6ee92caf9b5	\N	\N	\N	\N	\N	\N	{"circle_transaction_id": "6e77320e-6e8a-5bac-ab4a-de55915faa49", "circle_wallet_id": 33, "circle_status": "COMPLETE", "circle_type": "INBOUND", "circle_operation": "TRANSFER", "circle_blockchain": "ETH-SEPOLIA", "circle_block_height": 9081430, "circle_network_fee": "0.000095274114256874", "circle_metadata": {}}	Circle API 동기화: INBOUND 거래	2025-08-28 10:13:52+00	2025-08-28 10:13:52+00	34
422	47	8dd65091-4202-59b3-9f49-e4f032f5be18	\N	sent	failed	1.000000	USDC	\N	\N	\N	BASE-SEPOLIA	BASE-SEPOLIA	0x36dbb4bf9d20e01e0e4759d3111ca6ee92caf9b5	0xdb625015676ea1667f93219bb529732233134594	\N	\N	\N	\N	\N	\N	{"circle_transaction_id": "8dd65091-4202-59b3-9f49-e4f032f5be18", "circle_wallet_id": 34, "circle_status": "FAILED", "circle_type": "OUTBOUND", "circle_operation": "TRANSFER", "circle_blockchain": "BASE-SEPOLIA", "circle_block_height": null, "circle_network_fee": "", "circle_metadata": {}}	Circle API 동기화: OUTBOUND 거래	2025-08-28 10:59:55+00	\N	34
426	47	97377700-9a07-56ec-af2d-0df7bec827be	0xb05639fa752139192ac844aa928bfd2d0d3cded48a9fc5b1bdcfb2d0963b3bc5	sent	failed	1.000000	USDC	\N	\N	\N	BASE-SEPOLIA	BASE-SEPOLIA	0x36dbb4bf9d20e01e0e4759d3111ca6ee92caf9b5	0xdb625015676ea1667f93219bb529732233134594	\N	\N	\N	\N	\N	\N	{"circle_transaction_id": "97377700-9a07-56ec-af2d-0df7bec827be", "circle_wallet_id": 34, "circle_status": "FAILED", "circle_type": "OUTBOUND", "circle_operation": "TRANSFER", "circle_blockchain": "BASE-SEPOLIA", "circle_block_height": 30305260, "circle_network_fee": "0.000000318470940316", "circle_metadata": {}}	Circle API 동기화: OUTBOUND 거래	2025-08-28 10:59:48+00	\N	34
8	39	451fd0fb-caa1-592c-b34e-b9c5c95b54ac	0xe3c999f077415fa084205119122d1d6c26077d287f6c150bce5bfa8b5bbfb38c	received	completed	10.000000	USDC	\N	\N	\N	\N	\N	0xd4c0b787aa2ff9eb751bb515c877ebbf2daddaae	0xdb625015676ea1667f93219bb529732233134594	\N	\N	\N	\N	\N	\N	{"circle_transaction_id": "451fd0fb-caa1-592c-b34e-b9c5c95b54ac", "circle_wallet_id": "34c3fc23-5a58-5390-982e-c5e94f8300c8", "circle_status": "COMPLETE", "circle_type": "INBOUND", "circle_operation": "TRANSFER", "circle_blockchain": "ETH-SEPOLIA", "circle_block_height": 8918924, "circle_network_fee": "0.000187172925512987", "circle_metadata": {}}	Circle API 동기화: INBOUND 거래	2025-08-20 23:44:23.736592+00	2025-08-05 15:15:59+00	20
14	39	e0309a76-82d2-58c2-ac08-4b9d6ae78bec	0x30bc46d138152fbec97e7476066767bb3decf8074dc243b571281b0a085bae0b	sent	completed	10.000000	USDC	\N	\N	\N	ETH-SEPOLIA	ETH-SEPOLIA	0xdb625015676ea1667f93219bb529732233134594	0xa33a07e38f47a02c6d4fec1c0f8713cfd4d9951c	\N	\N	\N	\N	\N	\N	{"circle_transaction_id": "e0309a76-82d2-58c2-ac08-4b9d6ae78bec", "circle_wallet_id": "34c3fc23-5a58-5390-982e-c5e94f8300c8", "circle_status": "COMPLETE", "circle_type": "OUTBOUND", "circle_operation": "TRANSFER", "circle_blockchain": "ETH-SEPOLIA", "circle_block_height": 9067980, "circle_network_fee": "0.00057057445457082", "circle_metadata": {}}	Circle API 동기화: OUTBOUND 거래	2025-08-26 13:01:01+00	2025-08-26 13:01:36+00	20
13	39	b7940fd4-905c-5a70-9088-2ad4411e1d2c	0x82d1b8f721adfc92bf70dbdfcafad9e8e66d96d989d804b933eecdae3ed2a41f	received	completed	20.000000	USDC	\N	\N	\N	\N	\N	0x30cb94fe0fa56488bd1806e387e895bd8716ada9	0xdb625015676ea1667f93219bb529732233134594	\N	\N	\N	\N	\N	\N	{"circle_transaction_id": "b7940fd4-905c-5a70-9088-2ad4411e1d2c", "circle_wallet_id": "34c3fc23-5a58-5390-982e-c5e94f8300c8", "circle_status": "COMPLETE", "circle_type": "INBOUND", "circle_operation": "TRANSFER", "circle_blockchain": "ETH-SEPOLIA", "circle_block_height": 9031498, "circle_network_fee": "0.000090632577204484", "circle_metadata": {}}	Circle API 동기화: INBOUND 거래	2025-08-21 09:24:34.206838+00	2025-08-21 09:03:43+00	20
15	39	95ffb7c1-c20d-51b8-b944-cd3f4245c108	0x4b5cb30022e2f5e9c86bc35a59a29b10f9578b074aede2fc2f2f7cee7e86afc2	sent	completed	10.000000	USDC	\N	\N	\N	ETH-SEPOLIA	ETH-SEPOLIA	0xdb625015676ea1667f93219bb529732233134594	0xa33a07e38f47a02c6d4fec1c0f8713cfd4d9951c	\N	\N	\N	\N	\N	\N	{"circle_transaction_id": "95ffb7c1-c20d-51b8-b944-cd3f4245c108", "circle_wallet_id": "34c3fc23-5a58-5390-982e-c5e94f8300c8", "circle_status": "COMPLETE", "circle_type": "OUTBOUND", "circle_operation": "TRANSFER", "circle_blockchain": "ETH-SEPOLIA", "circle_block_height": 9067979, "circle_network_fee": "0.000576350659397646", "circle_metadata": {}}	Circle API 동기화: OUTBOUND 거래	2025-08-26 13:01:01+00	2025-08-26 13:01:21+00	20
16	39	fa931141-b5a3-5d1b-b56f-6f6b0da1b36e	0xe441e093651aacd875b8ee6c7a5e9be8604934fc7957304c0c78a504987841eb	sent	completed	0.100000	USDC	\N	\N	\N	ETH-SEPOLIA	ETH-SEPOLIA	0xdb625015676ea1667f93219bb529732233134594	0xa33a07e38f47a02c6d4fec1c0f8713cfd4d9951c	\N	\N	\N	\N	\N	\N	{"circle_transaction_id": "fa931141-b5a3-5d1b-b56f-6f6b0da1b36e", "circle_wallet_id": "34c3fc23-5a58-5390-982e-c5e94f8300c8", "circle_status": "COMPLETE", "circle_type": "OUTBOUND", "circle_operation": "TRANSFER", "circle_blockchain": "ETH-SEPOLIA", "circle_block_height": 9059030, "circle_network_fee": "0.00044543371226256", "circle_metadata": {}}	Circle API 동기화: OUTBOUND 거래	2025-08-25 06:52:34+00	2025-08-25 06:52:57+00	20
17	39	bf5772a4-cc1e-55c4-8dc6-38be4d7cfa54	0x9f5f285ba8562ee63b0f149207a825679da508b81ddc631cb541257d228728fb	sent	completed	1.000000	USDC	\N	\N	\N	ETH-SEPOLIA	ETH-SEPOLIA	0xdb625015676ea1667f93219bb529732233134594	0xa33a07e38f47a02c6d4fec1c0f8713cfd4d9951c	\N	\N	\N	\N	\N	\N	{"circle_transaction_id": "bf5772a4-cc1e-55c4-8dc6-38be4d7cfa54", "circle_wallet_id": "34c3fc23-5a58-5390-982e-c5e94f8300c8", "circle_status": "COMPLETE", "circle_type": "OUTBOUND", "circle_operation": "TRANSFER", "circle_blockchain": "ETH-SEPOLIA", "circle_block_height": 9059021, "circle_network_fee": "0.00045418125899223", "circle_metadata": {}}	Circle API 동기화: OUTBOUND 거래	2025-08-25 06:50:33+00	2025-08-25 06:50:55+00	20
18	39	b0bd9e92-3608-5788-9159-37acdf7c2048	0xbd500c38253e9510a880f83e74606a2ef9144d7d03dc743c381119017cd44c18	sent	completed	1.000000	USDC	\N	\N	\N	ETH-SEPOLIA	ETH-SEPOLIA	0xdb625015676ea1667f93219bb529732233134594	0xa33a07e38f47a02c6d4fec1c0f8713cfd4d9951c	\N	\N	\N	\N	\N	\N	{"circle_transaction_id": "b0bd9e92-3608-5788-9159-37acdf7c2048", "circle_wallet_id": "34c3fc23-5a58-5390-982e-c5e94f8300c8", "circle_status": "COMPLETE", "circle_type": "OUTBOUND", "circle_operation": "TRANSFER", "circle_blockchain": "ETH-SEPOLIA", "circle_block_height": 9039417, "circle_network_fee": "0.000413474266865646", "circle_metadata": {}}	Circle API 동기화: OUTBOUND 거래	2025-08-22 11:44:33+00	2025-08-22 11:44:57+00	20
19	39	4d5ff1fc-6cd4-522d-8f45-da8fe3de074c	0x219e28fbfc708134e02a0520ed88b38481ae270632a8dc135517e0f531389920	sent	completed	0.100000	USDC	\N	\N	\N	ETH-SEPOLIA	ETH-SEPOLIA	0xdb625015676ea1667f93219bb529732233134594	0xa33a07e38f47a02c6d4fec1c0f8713cfd4d9951c	\N	\N	\N	\N	\N	\N	{"circle_transaction_id": "4d5ff1fc-6cd4-522d-8f45-da8fe3de074c", "circle_wallet_id": "34c3fc23-5a58-5390-982e-c5e94f8300c8", "circle_status": "COMPLETE", "circle_type": "OUTBOUND", "circle_operation": "TRANSFER", "circle_blockchain": "ETH-SEPOLIA", "circle_block_height": 9039377, "circle_network_fee": "0.0008191509366776", "circle_metadata": {}}	Circle API 동기화: OUTBOUND 거래	2025-08-22 11:36:32+00	2025-08-22 11:36:49+00	20
12	39	51e4f05c-d2c1-5127-b779-e7b9c7b9f1eb	0xae8a9f3296fb340d567430b149c37f0b1ffeab3c844fec2633e21d65358f9b22	received	completed	20.000000	USDC	\N	\N	\N	\N	\N	0x30cb94fe0fa56488bd1806e387e895bd8716ada9	0xdb625015676ea1667f93219bb529732233134594	\N	\N	\N	\N	\N	\N	{"circle_transaction_id": "51e4f05c-d2c1-5127-b779-e7b9c7b9f1eb", "circle_wallet_id": "34c3fc23-5a58-5390-982e-c5e94f8300c8", "circle_status": "COMPLETE", "circle_type": "INBOUND", "circle_operation": "TRANSFER", "circle_blockchain": "ETH-SEPOLIA", "circle_block_height": 9031500, "circle_network_fee": "0.00009060492963291", "circle_metadata": {}}	Circle API 동기화: INBOUND 거래	2025-08-21 09:24:34.206838+00	2025-08-21 09:04:13+00	20
22	47	4991d94b-a10d-5634-9e28-fbb070a4e0cd	0xc23e62f648244c27ba00f6dc67afb176f7b0f17eae0bb2fcf5d3cb8a41545dae	received	completed	20.000000	USDC	\N	\N	\N	BASE-SEPOLIA	BASE-SEPOLIA	0x35f9621e9d943e46c418b9556bdbcf5214ae0f47	0x36dbb4bf9d20e01e0e4759d3111ca6ee92caf9b5	\N	\N	\N	\N	\N	\N	{"circle_transaction_id": "4991d94b-a10d-5634-9e28-fbb070a4e0cd", "circle_wallet_id": "486f0b5d-cc6a-5d27-8db0-36a9220bb591", "circle_status": "CONFIRMED", "circle_type": "INBOUND", "circle_operation": "TRANSFER", "circle_blockchain": "BASE-SEPOLIA", "circle_block_height": 30300397, "circle_network_fee": "0.000009048312790601", "circle_metadata": {}}	Circle API 동기화: INBOUND 거래	2025-08-28 08:18:07+00	2025-08-28 08:18:07+00	34
30	47	f40a5c74-d008-5f0f-b8ac-7ad48b527cbc	0x4bdb8a9bf80de167d5134147109f563b2e1e15237c5279530a3ad808513fc134	sent	completed	10.000000	USDC	\N	\N	\N	BASE-SEPOLIA	BASE-SEPOLIA	0x36dbb4bf9d20e01e0e4759d3111ca6ee92caf9b5	0xdb625015676ea1667f93219bb529732233134594	\N	\N	\N	\N	\N	\N	{"circle_transaction_id": "f40a5c74-d008-5f0f-b8ac-7ad48b527cbc", "circle_wallet_id": "486f0b5d-cc6a-5d27-8db0-36a9220bb591", "circle_status": "COMPLETE", "circle_type": "OUTBOUND", "circle_operation": "TRANSFER", "circle_blockchain": "BASE-SEPOLIA", "circle_block_height": 30303700, "circle_network_fee": "0.000000330368319333", "circle_metadata": {}}	Circle API 동기화: OUTBOUND 거래	2025-08-28 10:07:39+00	2025-08-28 10:08:11+00	34
31	47	57bf2ced-b384-56e1-8d95-734c65e975eb	0x50cb1bae77afa428633e2d22bf9ff70ddce4d1c4692a9fd344a4e4d4bb4ac6ac	sent	completed	10.000000	USDC	\N	\N	\N	BASE-SEPOLIA	BASE-SEPOLIA	0x36dbb4bf9d20e01e0e4759d3111ca6ee92caf9b5	0xdb625015676ea1667f93219bb529732233134594	\N	\N	\N	\N	\N	\N	{"circle_transaction_id": "57bf2ced-b384-56e1-8d95-734c65e975eb", "circle_wallet_id": "486f0b5d-cc6a-5d27-8db0-36a9220bb591", "circle_status": "COMPLETE", "circle_type": "OUTBOUND", "circle_operation": "TRANSFER", "circle_blockchain": "BASE-SEPOLIA", "circle_block_height": 30303698, "circle_network_fee": "0.000000327553920342", "circle_metadata": {}}	Circle API 동기화: OUTBOUND 거래	2025-08-28 10:07:35+00	2025-08-28 10:08:11+00	34
9	39	cc248887-9c7b-5ed5-a460-75374b05e0f1	0x7f82024462d48794c52850de899cf1d587909a8d10fdb184f7563a127566a36d	received	completed	20.000000	USDC	\N	\N	\N	\N	\N	0x30cb94fe0fa56488bd1806e387e895bd8716ada9	0xdb625015676ea1667f93219bb529732233134594	\N	\N	\N	\N	\N	\N	{"circle_transaction_id": "cc248887-9c7b-5ed5-a460-75374b05e0f1", "circle_wallet_id": "34c3fc23-5a58-5390-982e-c5e94f8300c8", "circle_status": "COMPLETE", "circle_type": "INBOUND", "circle_operation": "TRANSFER", "circle_blockchain": "ETH-SEPOLIA", "circle_block_height": 9031507, "circle_network_fee": "0.000090466718044437", "circle_metadata": {}}	Circle API 동기화: INBOUND 거래	2025-08-21 09:24:34.206838+00	2025-08-21 09:05:29+00	20
10	39	9abf8972-4df6-5651-8c9b-540ac76e53fa	0xdde50ed1aff5ff1cf973bfaa2bb781f7f245feba815040328a778b6da8d61d12	received	completed	20.000000	USDC	\N	\N	\N	\N	\N	0x30cb94fe0fa56488bd1806e387e895bd8716ada9	0xdb625015676ea1667f93219bb529732233134594	\N	\N	\N	\N	\N	\N	{"circle_transaction_id": "9abf8972-4df6-5651-8c9b-540ac76e53fa", "circle_wallet_id": "34c3fc23-5a58-5390-982e-c5e94f8300c8", "circle_status": "COMPLETE", "circle_type": "INBOUND", "circle_operation": "TRANSFER", "circle_blockchain": "ETH-SEPOLIA", "circle_block_height": 9031506, "circle_network_fee": "0.000090483634454689", "circle_metadata": {}}	Circle API 동기화: INBOUND 거래	2025-08-21 09:24:34.206838+00	2025-08-21 09:05:14+00	20
11	39	c21e8545-ef8d-5e14-9d7c-615b20e471c6	0x3606020cf0611d41ab655be38eecbcdb0b2ee5030138d9cb1886de20d4480ed5	received	completed	20.000000	USDC	\N	\N	\N	\N	\N	0x30cb94fe0fa56488bd1806e387e895bd8716ada9	0xdb625015676ea1667f93219bb529732233134594	\N	\N	\N	\N	\N	\N	{"circle_transaction_id": "c21e8545-ef8d-5e14-9d7c-615b20e471c6", "circle_wallet_id": "34c3fc23-5a58-5390-982e-c5e94f8300c8", "circle_status": "COMPLETE", "circle_type": "INBOUND", "circle_operation": "TRANSFER", "circle_blockchain": "ETH-SEPOLIA", "circle_block_height": 9031501, "circle_network_fee": "0.000090604117083963", "circle_metadata": {}}	Circle API 동기화: INBOUND 거래	2025-08-21 09:24:34.206838+00	2025-08-21 09:04:28+00	20
23	47	afadf5ae-2809-5d4f-9e14-41c59c67adbc	0x0862cdebe90565228e6f10366962f3f269f7b20727fd9d79333a5bf10add8ad6	received	completed	20.000000	USDC	\N	\N	\N	ETH-SEPOLIA	ETH-SEPOLIA	0x30cb94fe0fa56488bd1806e387e895bd8716ada9	0x36dbb4bf9d20e01e0e4759d3111ca6ee92caf9b5	\N	\N	\N	\N	\N	\N	{"circle_transaction_id": "afadf5ae-2809-5d4f-9e14-41c59c67adbc", "circle_wallet_id": 33, "circle_status": "COMPLETE", "circle_type": "INBOUND", "circle_operation": "TRANSFER", "circle_blockchain": "ETH-SEPOLIA", "circle_block_height": 9080855, "circle_network_fee": "0.000100681534046793", "circle_metadata": {}}	Circle API 동기화: INBOUND 거래	2025-08-28 08:18:09+00	2025-08-28 08:18:09+00	34
424	47	ca3476f1-0c72-5204-a1b4-dd9ad77de88b	0xfab57fe6899df276337efbcfd41be1de7c89ef88cc22bb421baf94ac7256d0e7	sent	failed	1.000000	USDC	\N	\N	\N	BASE-SEPOLIA	BASE-SEPOLIA	0x36dbb4bf9d20e01e0e4759d3111ca6ee92caf9b5	0xdb625015676ea1667f93219bb529732233134594	\N	\N	\N	\N	\N	\N	{"circle_transaction_id": "ca3476f1-0c72-5204-a1b4-dd9ad77de88b", "circle_wallet_id": 34, "circle_status": "FAILED", "circle_type": "OUTBOUND", "circle_operation": "TRANSFER", "circle_blockchain": "BASE-SEPOLIA", "circle_block_height": 30305264, "circle_network_fee": "0.00000031835497127", "circle_metadata": {}}	Circle API 동기화: OUTBOUND 거래	2025-08-28 10:59:52+00	\N	34
425	47	df330a97-86dd-55ee-ae7b-e0205adc3df0	0xda390d6ddc23c09baa434b2215ced05f897df18116cab5af4ae541e92ddd52e8	sent	failed	1.000000	USDC	\N	\N	\N	BASE-SEPOLIA	BASE-SEPOLIA	0x36dbb4bf9d20e01e0e4759d3111ca6ee92caf9b5	0xdb625015676ea1667f93219bb529732233134594	\N	\N	\N	\N	\N	\N	{"circle_transaction_id": "df330a97-86dd-55ee-ae7b-e0205adc3df0", "circle_wallet_id": 34, "circle_status": "FAILED", "circle_type": "OUTBOUND", "circle_operation": "TRANSFER", "circle_blockchain": "BASE-SEPOLIA", "circle_block_height": 30305261, "circle_network_fee": "0.000000318464519628", "circle_metadata": {}}	Circle API 동기화: OUTBOUND 거래	2025-08-28 10:59:51+00	\N	34
420	47	7eb5d4ad-10e8-54dc-961f-70fb4b8af261	0x451c6b47dd01fc7759e343cfc108c7cc4a3ef3ce88ae2917caa144a97f5d64f3	received	completed	20.000000	USDC	\N	\N	\N	ETH-SEPOLIA	ETH-SEPOLIA	0x30cb94fe0fa56488bd1806e387e895bd8716ada9	0x36dbb4bf9d20e01e0e4759d3111ca6ee92caf9b5	\N	\N	\N	\N	\N	\N	{"circle_transaction_id": "7eb5d4ad-10e8-54dc-961f-70fb4b8af261", "circle_wallet_id": 33, "circle_status": "COMPLETE", "circle_type": "INBOUND", "circle_operation": "TRANSFER", "circle_blockchain": "ETH-SEPOLIA", "circle_block_height": 9081527, "circle_network_fee": "0.000095358902903649", "circle_metadata": {}}	Circle API 동기화: INBOUND 거래	2025-08-28 10:33:22+00	2025-08-28 10:33:22+00	34
423	47	0a23a47b-c6ed-569d-be14-0cdd9ebd15b2	\N	sent	failed	1.000000	USDC	\N	\N	\N	BASE-SEPOLIA	BASE-SEPOLIA	0x36dbb4bf9d20e01e0e4759d3111ca6ee92caf9b5	0xdb625015676ea1667f93219bb529732233134594	\N	\N	\N	\N	\N	\N	{"circle_transaction_id": "0a23a47b-c6ed-569d-be14-0cdd9ebd15b2", "circle_wallet_id": 34, "circle_status": "FAILED", "circle_type": "OUTBOUND", "circle_operation": "TRANSFER", "circle_blockchain": "BASE-SEPOLIA", "circle_block_height": null, "circle_network_fee": "", "circle_metadata": {}}	Circle API 동기화: OUTBOUND 거래	2025-08-28 10:59:53+00	\N	34
20	47	ac0b9372-7fb4-5543-a0c8-3106cc56d51a	0x6b2af4ef683b7664fc4ad233c5581727a6cd421a2886d284b7a42cc20569b637	received	completed	20.000000	USDC	\N	\N	\N	BASE-SEPOLIA	BASE-SEPOLIA	0x35f9621e9d943e46c418b9556bdbcf5214ae0f47	0x36dbb4bf9d20e01e0e4759d3111ca6ee92caf9b5	\N	\N	\N	\N	\N	\N	{"circle_transaction_id": "ac0b9372-7fb4-5543-a0c8-3106cc56d51a", "circle_wallet_id": "486f0b5d-cc6a-5d27-8db0-36a9220bb591", "circle_status": "COMPLETE", "circle_type": "INBOUND", "circle_operation": "TRANSFER", "circle_blockchain": "BASE-SEPOLIA", "circle_block_height": 30296080, "circle_network_fee": "0.000000067858138607", "circle_metadata": {}}	Circle API 동기화: INBOUND 거래	2025-08-28 05:54:19+00	2025-08-28 05:54:19+00	34
21	47	3db271a4-49da-5544-a98b-f4ae5c72ceab	0xd26eafb9ef981eceeb5916a1e849e01ee202f5bb39e5e9cc36c39855b96c1dad	received	completed	20.000000	USDC	\N	\N	\N	BASE-SEPOLIA	BASE-SEPOLIA	0x35f9621e9d943e46c418b9556bdbcf5214ae0f47	0x36dbb4bf9d20e01e0e4759d3111ca6ee92caf9b5	\N	\N	\N	\N	\N	\N	{"circle_transaction_id": "3db271a4-49da-5544-a98b-f4ae5c72ceab", "circle_wallet_id": "486f0b5d-cc6a-5d27-8db0-36a9220bb591", "circle_status": "COMPLETE", "circle_type": "INBOUND", "circle_operation": "TRANSFER", "circle_blockchain": "BASE-SEPOLIA", "circle_block_height": 30295817, "circle_network_fee": "0.000000093514285397", "circle_metadata": {}}	Circle API 동기화: INBOUND 거래	2025-08-28 05:45:23+00	2025-08-28 05:45:23+00	34
29	47	45b466ad-caff-524d-af86-4d0d381a1283	0x5c7cd63edd388ce0480e59171051fd301abd19f8884dbc2e29f924fb7e1da3ca	sent	failed	10.000000	USDC	\N	\N	\N	BASE-SEPOLIA	BASE-SEPOLIA	0x36dbb4bf9d20e01e0e4759d3111ca6ee92caf9b5	0xdb625015676ea1667f93219bb529732233134594	\N	\N	\N	\N	\N	\N	{"circle_transaction_id": "45b466ad-caff-524d-af86-4d0d381a1283", "circle_wallet_id": "486f0b5d-cc6a-5d27-8db0-36a9220bb591", "circle_status": "FAILED", "circle_type": "OUTBOUND", "circle_operation": "TRANSFER", "circle_blockchain": "BASE-SEPOLIA", "circle_block_height": 30303703, "circle_network_fee": "0.0000003256550908", "circle_metadata": {}}	Circle API 동기화: OUTBOUND 거래	2025-08-28 10:07:40+00	\N	34
26	47	4ea82456-4c81-5f1e-9555-0e3cf7087a9a	0xb1074374e1ef57372578d70b746fb69d106061f731a1870bfce31e7a23ad73f6	sent	failed	10.000000	USDC	\N	\N	\N	BASE-SEPOLIA	BASE-SEPOLIA	0x36dbb4bf9d20e01e0e4759d3111ca6ee92caf9b5	0xdb625015676ea1667f93219bb529732233134594	\N	\N	\N	\N	\N	\N	{"circle_transaction_id": "4ea82456-4c81-5f1e-9555-0e3cf7087a9a", "circle_wallet_id": "486f0b5d-cc6a-5d27-8db0-36a9220bb591", "circle_status": "FAILED", "circle_type": "OUTBOUND", "circle_operation": "TRANSFER", "circle_blockchain": "BASE-SEPOLIA", "circle_block_height": 30303717, "circle_network_fee": "0.000000318065712842", "circle_metadata": {}}	Circle API 동기화: OUTBOUND 거래	2025-08-28 10:07:57+00	\N	34
27	47	6028b28a-5e2d-511c-b964-985eeefa1ba3	0x565f6beb19a81da542306f3714b1d7586e7bc3d0ec3d16a911d24dcbc88e81c8	sent	failed	10.000000	USDC	\N	\N	\N	BASE-SEPOLIA	BASE-SEPOLIA	0x36dbb4bf9d20e01e0e4759d3111ca6ee92caf9b5	0xdb625015676ea1667f93219bb529732233134594	\N	\N	\N	\N	\N	\N	{"circle_transaction_id": "6028b28a-5e2d-511c-b964-985eeefa1ba3", "circle_wallet_id": "486f0b5d-cc6a-5d27-8db0-36a9220bb591", "circle_status": "FAILED", "circle_type": "OUTBOUND", "circle_operation": "TRANSFER", "circle_blockchain": "BASE-SEPOLIA", "circle_block_height": 30303713, "circle_network_fee": "0.000000318262684841", "circle_metadata": {}}	Circle API 동기화: OUTBOUND 거래	2025-08-28 10:07:44+00	\N	34
28	47	5cd607e1-7447-5521-8b26-fd173a366d46	0x509b611fdd56c2875530a2139fe2d92766e28f7598ac9aec120f35f437b45b5d	sent	failed	10.000000	USDC	\N	\N	\N	BASE-SEPOLIA	BASE-SEPOLIA	0x36dbb4bf9d20e01e0e4759d3111ca6ee92caf9b5	0xdb625015676ea1667f93219bb529732233134594	\N	\N	\N	\N	\N	\N	{"circle_transaction_id": "5cd607e1-7447-5521-8b26-fd173a366d46", "circle_wallet_id": "486f0b5d-cc6a-5d27-8db0-36a9220bb591", "circle_status": "FAILED", "circle_type": "OUTBOUND", "circle_operation": "TRANSFER", "circle_blockchain": "BASE-SEPOLIA", "circle_block_height": 30303710, "circle_network_fee": "0.0000003226989986", "circle_metadata": {}}	Circle API 동기화: OUTBOUND 거래	2025-08-28 10:07:42+00	\N	34
32	47	ca64b55e-b1cf-52f2-8506-8381c8738cf3	0x66dd33f2a0c14deb788bf67830bb2ffe4d1434f430ad557639f0898745946751	sent	completed	10.000000	USDC	\N	\N	\N	BASE-SEPOLIA	BASE-SEPOLIA	0x36dbb4bf9d20e01e0e4759d3111ca6ee92caf9b5	0xdb625015676ea1667f93219bb529732233134594	\N	\N	\N	\N	\N	\N	{"circle_transaction_id": "ca64b55e-b1cf-52f2-8506-8381c8738cf3", "circle_wallet_id": "486f0b5d-cc6a-5d27-8db0-36a9220bb591", "circle_status": "COMPLETE", "circle_type": "OUTBOUND", "circle_operation": "TRANSFER", "circle_blockchain": "BASE-SEPOLIA", "circle_block_height": 30303696, "circle_network_fee": "0.000000330574322015", "circle_metadata": {}}	Circle API 동기화: OUTBOUND 거래	2025-08-28 10:07:33+00	2025-08-28 10:08:11+00	34
33	47	6064d134-0b8d-573e-a023-474d4350d2f1	0xc300929ad515e473dae15b525bbee9f01b27557b947cbddad7a3a2b4abdc1eb1	sent	completed	10.000000	USDC	\N	\N	\N	BASE-SEPOLIA	BASE-SEPOLIA	0x36dbb4bf9d20e01e0e4759d3111ca6ee92caf9b5	0xdb625015676ea1667f93219bb529732233134594	\N	\N	\N	\N	\N	\N	{"circle_transaction_id": "6064d134-0b8d-573e-a023-474d4350d2f1", "circle_wallet_id": "486f0b5d-cc6a-5d27-8db0-36a9220bb591", "circle_status": "COMPLETE", "circle_type": "OUTBOUND", "circle_operation": "TRANSFER", "circle_blockchain": "BASE-SEPOLIA", "circle_block_height": 30303694, "circle_network_fee": "0.000000330574732005", "circle_metadata": {}}	Circle API 동기화: OUTBOUND 거래	2025-08-28 10:07:32+00	2025-08-28 10:08:11+00	34
34	47	5e3a1b69-6beb-5ddd-8b7d-6c5c45e814a0	0xffe0eb1d5b1f7dd868f2e6b6e3caa6b082c2aea83855aed74d6cc87120f53590	sent	completed	10.000000	USDC	\N	\N	\N	BASE-SEPOLIA	BASE-SEPOLIA	0x36dbb4bf9d20e01e0e4759d3111ca6ee92caf9b5	0xdb625015676ea1667f93219bb529732233134594	\N	\N	\N	\N	\N	\N	{"circle_transaction_id": "5e3a1b69-6beb-5ddd-8b7d-6c5c45e814a0", "circle_wallet_id": "486f0b5d-cc6a-5d27-8db0-36a9220bb591", "circle_status": "COMPLETE", "circle_type": "OUTBOUND", "circle_operation": "TRANSFER", "circle_blockchain": "BASE-SEPOLIA", "circle_block_height": 30303692, "circle_network_fee": "0.000000330564851422", "circle_metadata": {}}	Circle API 동기화: OUTBOUND 거래	2025-08-28 10:07:31+00	2025-08-28 10:07:55+00	34
35	47	3843ed15-a8d1-5059-a449-a7de277a483f	0x405fb083736fda586eef97cd29b76d996f10543c72a5656aab69c2856840b135	sent	failed	10.000000	USDC	\N	\N	\N	BASE-SEPOLIA	BASE-SEPOLIA	0x36dbb4bf9d20e01e0e4759d3111ca6ee92caf9b5	0xdb625015676ea1667f93219bb529732233134594	\N	\N	\N	\N	\N	\N	{"circle_transaction_id": "3843ed15-a8d1-5059-a449-a7de277a483f", "circle_wallet_id": "486f0b5d-cc6a-5d27-8db0-36a9220bb591", "circle_status": "FAILED", "circle_type": "OUTBOUND", "circle_operation": "TRANSFER", "circle_blockchain": "BASE-SEPOLIA", "circle_block_height": 30303715, "circle_network_fee": "0.000000318253144259", "circle_metadata": {}}	Circle API 동기화: OUTBOUND 거래	2025-08-28 10:07:28+00	\N	34
24	47	9ab73aec-dc2c-5e68-aab4-cbaeef1b5a69	0xa4f42cf8cb00806165eb34165ae0686488d4f1b5ee75f9e2b26663c589766ec9	received	completed	20.000000	USDC	\N	\N	\N	ETH-SEPOLIA	ETH-SEPOLIA	0x30cb94fe0fa56488bd1806e387e895bd8716ada9	0x36dbb4bf9d20e01e0e4759d3111ca6ee92caf9b5	\N	\N	\N	\N	\N	\N	{"circle_transaction_id": "9ab73aec-dc2c-5e68-aab4-cbaeef1b5a69", "circle_wallet_id": 33, "circle_status": "COMPLETE", "circle_type": "INBOUND", "circle_operation": "TRANSFER", "circle_blockchain": "ETH-SEPOLIA", "circle_block_height": 9080140, "circle_network_fee": "0.000098125059368294", "circle_metadata": {}}	Circle API 동기화: INBOUND 거래	2025-08-28 05:54:18+00	2025-08-28 05:54:18+00	34
25	47	9fad1bab-b1b6-5f7a-951b-de603f5413f0	0x9e5bacf1d1bee3f7c47cbd905fccc9571dc8de567e1f168a78ec36b49548ce1c	received	completed	20.000000	USDC	\N	\N	\N	ETH-SEPOLIA	ETH-SEPOLIA	0x30cb94fe0fa56488bd1806e387e895bd8716ada9	0x36dbb4bf9d20e01e0e4759d3111ca6ee92caf9b5	\N	\N	\N	\N	\N	\N	{"circle_transaction_id": "9fad1bab-b1b6-5f7a-951b-de603f5413f0", "circle_wallet_id": 33, "circle_status": "COMPLETE", "circle_type": "INBOUND", "circle_operation": "TRANSFER", "circle_blockchain": "ETH-SEPOLIA", "circle_block_height": 9080096, "circle_network_fee": "0.00013173117122737", "circle_metadata": {}}	Circle API 동기화: INBOUND 거래	2025-08-28 05:45:41+00	2025-08-28 05:45:41+00	34
427	47	6ec5bf16-78df-556d-a8d5-2ee462f499dc	0xdd0a1e1addb59e78d7146481e0e2b561dc1637b614110d6d70fcea441a627d9f	sent	failed	1.000000	USDC	\N	\N	\N	BASE-SEPOLIA	BASE-SEPOLIA	0x36dbb4bf9d20e01e0e4759d3111ca6ee92caf9b5	0xdb625015676ea1667f93219bb529732233134594	\N	\N	\N	\N	\N	\N	{"circle_transaction_id": "6ec5bf16-78df-556d-a8d5-2ee462f499dc", "circle_wallet_id": 34, "circle_status": "FAILED", "circle_type": "OUTBOUND", "circle_operation": "TRANSFER", "circle_blockchain": "BASE-SEPOLIA", "circle_block_height": 30305256, "circle_network_fee": "0.00000031254995691", "circle_metadata": {}}	Circle API 동기화: OUTBOUND 거래	2025-08-28 10:59:46+00	\N	34
428	47	99d8265a-10bb-50c3-b05c-0fa8402c026f	0x004ccc93c268fd3b592a2cffe8e01d342ca1d84623d230f372f2de87e17ee02f	sent	failed	1.000000	USDC	\N	\N	\N	BASE-SEPOLIA	BASE-SEPOLIA	0x36dbb4bf9d20e01e0e4759d3111ca6ee92caf9b5	0xdb625015676ea1667f93219bb529732233134594	\N	\N	\N	\N	\N	\N	{"circle_transaction_id": "99d8265a-10bb-50c3-b05c-0fa8402c026f", "circle_wallet_id": 34, "circle_status": "FAILED", "circle_type": "OUTBOUND", "circle_operation": "TRANSFER", "circle_blockchain": "BASE-SEPOLIA", "circle_block_height": 30305255, "circle_network_fee": "0.000000315501256004", "circle_metadata": {}}	Circle API 동기화: OUTBOUND 거래	2025-08-28 10:59:45+00	\N	34
429	47	b241901d-8e77-5e25-8856-02ee4f93f74c	0xc3f72ae808a425f76245012d87859287b2f38e2ee7a66dcb9c1aefbcd7472004	sent	completed	1.000000	USDC	\N	\N	\N	BASE-SEPOLIA	BASE-SEPOLIA	0x36dbb4bf9d20e01e0e4759d3111ca6ee92caf9b5	0xdb625015676ea1667f93219bb529732233134594	\N	\N	\N	\N	\N	\N	{"circle_transaction_id": "b241901d-8e77-5e25-8856-02ee4f93f74c", "circle_wallet_id": 34, "circle_status": "COMPLETE", "circle_type": "OUTBOUND", "circle_operation": "TRANSFER", "circle_blockchain": "BASE-SEPOLIA", "circle_block_height": 30305253, "circle_network_fee": "0.000000323077241754", "circle_metadata": {}}	Circle API 동기화: OUTBOUND 거래	2025-08-28 10:59:44+00	2025-08-28 10:59:57+00	34
430	47	3a009559-00f0-5477-bf3b-4b34df1577b7	0x43f4965b93fe31323694086bc1a0ee547770a8a7720b7706afbffc7ddcde60bf	sent	completed	1.000000	USDC	\N	\N	\N	BASE-SEPOLIA	BASE-SEPOLIA	0x36dbb4bf9d20e01e0e4759d3111ca6ee92caf9b5	0xdb625015676ea1667f93219bb529732233134594	\N	\N	\N	\N	\N	\N	{"circle_transaction_id": "3a009559-00f0-5477-bf3b-4b34df1577b7", "circle_wallet_id": 34, "circle_status": "COMPLETE", "circle_type": "OUTBOUND", "circle_operation": "TRANSFER", "circle_blockchain": "BASE-SEPOLIA", "circle_block_height": 30305251, "circle_network_fee": "0.000000323074264575", "circle_metadata": {}}	Circle API 동기화: OUTBOUND 거래	2025-08-28 10:59:42+00	2025-08-28 10:59:57+00	34
431	47	0c32d656-20e3-5613-8a90-9dc622f86689	0x39951b05c2e55e616d1dee58d03824638e8ef4e3c0231cf10a875747ad858d7f	sent	completed	1.000000	USDC	\N	\N	\N	BASE-SEPOLIA	BASE-SEPOLIA	0x36dbb4bf9d20e01e0e4759d3111ca6ee92caf9b5	0xdb625015676ea1667f93219bb529732233134594	\N	\N	\N	\N	\N	\N	{"circle_transaction_id": "0c32d656-20e3-5613-8a90-9dc622f86689", "circle_wallet_id": 34, "circle_status": "COMPLETE", "circle_type": "OUTBOUND", "circle_operation": "TRANSFER", "circle_blockchain": "BASE-SEPOLIA", "circle_block_height": 30305250, "circle_network_fee": "0.000000320042074967", "circle_metadata": {}}	Circle API 동기화: OUTBOUND 거래	2025-08-28 10:59:40+00	2025-08-28 10:59:57+00	34
7	39	0899eb8e-445d-5f70-921f-b1b802d04ea4	0xa6f3e474b6de2215fe50ba919bcc9ea3c62c8d39b36e34ba62a8472005d0e12f	received	completed	10.000000	USDC	\N	\N	\N	\N	\N	0x70e3fb28e1794bb91d5bceb7d66b731d0c61af8e	0xdb625015676ea1667f93219bb529732233134594	\N	\N	\N	\N	\N	\N	{"circle_transaction_id": "0899eb8e-445d-5f70-921f-b1b802d04ea4", "circle_wallet_id": "34c3fc23-5a58-5390-982e-c5e94f8300c8", "circle_status": "COMPLETE", "circle_type": "INBOUND", "circle_operation": "TRANSFER", "circle_blockchain": "ETH-SEPOLIA", "circle_block_height": 8925903, "circle_network_fee": "0.000090158910958578", "circle_metadata": {}}	Circle API 동기화: INBOUND 거래	2025-08-20 23:44:23.736592+00	2025-08-06 14:38:28+00	20
432	47	cdcd92e9-ef66-5f59-84ab-25421f1b04ac	0xa455b4dd8f97c05733a622e0e2c16a8a383f0bb0e44d72a77b91ab2ef5501fbd	sent	completed	1.000000	USDC	\N	\N	\N	ETH-SEPOLIA	ETH-SEPOLIA	0x36dbb4bf9d20e01e0e4759d3111ca6ee92caf9b5	0xdb625015676ea1667f93219bb529732233134594	\N	\N	\N	\N	\N	\N	{"circle_transaction_id": "cdcd92e9-ef66-5f59-84ab-25421f1b04ac", "circle_wallet_id": 33, "circle_status": "COMPLETE", "circle_type": "OUTBOUND", "circle_operation": "TRANSFER", "circle_blockchain": "ETH-SEPOLIA", "circle_block_height": 9082017, "circle_network_fee": "0.000430098815329016", "circle_metadata": {}}	Circle API 동기화: OUTBOUND 거래	2025-08-28 12:10:15+00	2025-08-28 12:12:25+00	33
433	47	ec6bcb2d-9adc-533c-8c04-b338e714af0e	0x904d283529228407794d20b39d6db6f84740df6804366ed6fb5596a8ea89ec32	sent	completed	1.000000	USDC	\N	\N	\N	ETH-SEPOLIA	ETH-SEPOLIA	0x36dbb4bf9d20e01e0e4759d3111ca6ee92caf9b5	0xdb625015676ea1667f93219bb529732233134594	\N	\N	\N	\N	\N	\N	{"circle_transaction_id": "ec6bcb2d-9adc-533c-8c04-b338e714af0e", "circle_wallet_id": 33, "circle_status": "COMPLETE", "circle_type": "OUTBOUND", "circle_operation": "TRANSFER", "circle_blockchain": "ETH-SEPOLIA", "circle_block_height": 9082013, "circle_network_fee": "0.000426372448284216", "circle_metadata": {}}	Circle API 동기화: OUTBOUND 거래	2025-08-28 12:09:59+00	2025-08-28 12:11:24+00	33
434	47	f99f1a0b-faf2-51df-89a6-06d6d0e4427f	0xccc15b1898919b2a94eb167c8d1130b8814cbb7fe8627589e75e52cf90a073f2	sent	completed	1.000000	USDC	\N	\N	\N	ETH-SEPOLIA	ETH-SEPOLIA	0x36dbb4bf9d20e01e0e4759d3111ca6ee92caf9b5	0xdb625015676ea1667f93219bb529732233134594	\N	\N	\N	\N	\N	\N	{"circle_transaction_id": "f99f1a0b-faf2-51df-89a6-06d6d0e4427f", "circle_wallet_id": 33, "circle_status": "COMPLETE", "circle_type": "OUTBOUND", "circle_operation": "TRANSFER", "circle_blockchain": "ETH-SEPOLIA", "circle_block_height": 9082011, "circle_network_fee": "0.000423221954452668", "circle_metadata": {}}	Circle API 동기화: OUTBOUND 거래	2025-08-28 12:09:57+00	2025-08-28 12:10:54+00	33
435	47	0a9012cb-f9e6-5bd6-9c74-21500b61e5c7	0xea6902b17495444ab1555df066a6d7ef0de3024091e138c274a56d7fce48a599	sent	completed	1.000000	USDC	\N	\N	\N	ETH-SEPOLIA	ETH-SEPOLIA	0x36dbb4bf9d20e01e0e4759d3111ca6ee92caf9b5	0xdb625015676ea1667f93219bb529732233134594	\N	\N	\N	\N	\N	\N	{"circle_transaction_id": "0a9012cb-f9e6-5bd6-9c74-21500b61e5c7", "circle_wallet_id": 33, "circle_status": "COMPLETE", "circle_type": "OUTBOUND", "circle_operation": "TRANSFER", "circle_blockchain": "ETH-SEPOLIA", "circle_block_height": 9082010, "circle_network_fee": "0.000421904546679042", "circle_metadata": {}}	Circle API 동기화: OUTBOUND 거래	2025-08-28 12:09:56+00	2025-08-28 12:10:39+00	33
436	47	da1017ea-8fd1-5ea3-82a9-5aa0b249352c	0xbd6575f4fe91c8c3a52847b54ffe0abb5cbc4bb7d8aafbd1c7f00e9c3652f865	sent	completed	1.000000	USDC	\N	\N	\N	ETH-SEPOLIA	ETH-SEPOLIA	0x36dbb4bf9d20e01e0e4759d3111ca6ee92caf9b5	0xdb625015676ea1667f93219bb529732233134594	\N	\N	\N	\N	\N	\N	{"circle_transaction_id": "da1017ea-8fd1-5ea3-82a9-5aa0b249352c", "circle_wallet_id": 33, "circle_status": "COMPLETE", "circle_type": "OUTBOUND", "circle_operation": "TRANSFER", "circle_blockchain": "ETH-SEPOLIA", "circle_block_height": 9082009, "circle_network_fee": "0.000420733362774564", "circle_metadata": {}}	Circle API 동기화: OUTBOUND 거래	2025-08-28 12:09:54+00	2025-08-28 12:10:39+00	33
437	47	4b3748cf-1a52-5676-a0d3-c581b7ef79ac	0x40da1f9f879726786f48520ad8885a8f3db9af491a4be4d979db1b2481ea0b86	sent	completed	1.000000	USDC	\N	\N	\N	ETH-SEPOLIA	ETH-SEPOLIA	0x36dbb4bf9d20e01e0e4759d3111ca6ee92caf9b5	0xdb625015676ea1667f93219bb529732233134594	\N	\N	\N	\N	\N	\N	{"circle_transaction_id": "4b3748cf-1a52-5676-a0d3-c581b7ef79ac", "circle_wallet_id": 33, "circle_status": "COMPLETE", "circle_type": "OUTBOUND", "circle_operation": "TRANSFER", "circle_blockchain": "ETH-SEPOLIA", "circle_block_height": 9082008, "circle_network_fee": "0.000421271775837612", "circle_metadata": {}}	Circle API 동기화: OUTBOUND 거래	2025-08-28 12:09:52+00	2025-08-28 12:10:23+00	33
438	47	daa7dc18-880a-5017-8a2d-b8399546f6bc	0xb35113b8f59275ad9426c768567e255f952c85f6fecffa042719874bbc0c528b	sent	completed	1.000000	USDC	\N	\N	\N	ETH-SEPOLIA	ETH-SEPOLIA	0x36dbb4bf9d20e01e0e4759d3111ca6ee92caf9b5	0xdb625015676ea1667f93219bb529732233134594	\N	\N	\N	\N	\N	\N	{"circle_transaction_id": "daa7dc18-880a-5017-8a2d-b8399546f6bc", "circle_wallet_id": 33, "circle_status": "COMPLETE", "circle_type": "OUTBOUND", "circle_operation": "TRANSFER", "circle_blockchain": "ETH-SEPOLIA", "circle_block_height": 9082007, "circle_network_fee": "0.000420591353410368", "circle_metadata": {}}	Circle API 동기화: OUTBOUND 거래	2025-08-28 12:09:50+00	2025-08-28 12:10:08+00	33
439	47	8543ab71-4f3e-5ac9-bda2-b2032ee93003	0x659406b05e6695dd0244336a3f3703ef7064ba743cdcd2189be7ea5bb7fd2b38	sent	completed	1.000000	USDC	\N	\N	\N	ETH-SEPOLIA	ETH-SEPOLIA	0x36dbb4bf9d20e01e0e4759d3111ca6ee92caf9b5	0xdb625015676ea1667f93219bb529732233134594	\N	\N	\N	\N	\N	\N	{"circle_transaction_id": "8543ab71-4f3e-5ac9-bda2-b2032ee93003", "circle_wallet_id": 33, "circle_status": "COMPLETE", "circle_type": "OUTBOUND", "circle_operation": "TRANSFER", "circle_blockchain": "ETH-SEPOLIA", "circle_block_height": 9082015, "circle_network_fee": "0.000430359167031948", "circle_metadata": {}}	Circle API 동기화: OUTBOUND 거래	2025-08-28 12:09:47+00	2025-08-28 12:11:55+00	33
440	47	ebe1f69b-40da-53bf-9b77-c44cd042ad1d	0xf67427b90814014bc1bf73f1372bb8ef46c93d0e3585dd4ea54ad8682a38c3a0	sent	completed	1.000000	USDC	\N	\N	\N	ETH-SEPOLIA	ETH-SEPOLIA	0x36dbb4bf9d20e01e0e4759d3111ca6ee92caf9b5	0xdb625015676ea1667f93219bb529732233134594	\N	\N	\N	\N	\N	\N	{"circle_transaction_id": "ebe1f69b-40da-53bf-9b77-c44cd042ad1d", "circle_wallet_id": 33, "circle_status": "COMPLETE", "circle_type": "OUTBOUND", "circle_operation": "TRANSFER", "circle_blockchain": "ETH-SEPOLIA", "circle_block_height": 9082014, "circle_network_fee": "0.000428248514906478", "circle_metadata": {}}	Circle API 동기화: OUTBOUND 거래	2025-08-28 12:09:46+00	2025-08-28 12:11:40+00	33
441	47	dab013cd-1568-554e-82c9-8106bd5b5f30	0xbc0d27909938f5f0c2769eb68ba77e791906cc44f54cc7baf71d89bbf05ad399	sent	completed	1.000000	USDC	\N	\N	\N	ETH-SEPOLIA	ETH-SEPOLIA	0x36dbb4bf9d20e01e0e4759d3111ca6ee92caf9b5	0xdb625015676ea1667f93219bb529732233134594	\N	\N	\N	\N	\N	\N	{"circle_transaction_id": "dab013cd-1568-554e-82c9-8106bd5b5f30", "circle_wallet_id": 33, "circle_status": "COMPLETE", "circle_type": "OUTBOUND", "circle_operation": "TRANSFER", "circle_blockchain": "ETH-SEPOLIA", "circle_block_height": 9082012, "circle_network_fee": "0.000424704863451708", "circle_metadata": {}}	Circle API 동기화: OUTBOUND 거래	2025-08-28 12:09:43+00	2025-08-28 12:11:09+00	33
509	48	955acb87-a7d0-5bec-89fd-20e0205cab17	0x301d11fc513f44c2b3316b2b501c33813f57d60c800a3298e851eac51fd45992	received	completed	20.000000	USDC	\N	\N	\N	ETH-SEPOLIA	ETH-SEPOLIA	0x30cb94fe0fa56488bd1806e387e895bd8716ada9	0x3bfced9e16f500ddd56fc58cc73dd3c5cee8dee6	\N	\N	\N	\N	\N	\N	{"circle_transaction_id": "955acb87-a7d0-5bec-89fd-20e0205cab17", "circle_wallet_id": 35, "circle_status": "COMPLETE", "circle_type": "INBOUND", "circle_operation": "TRANSFER", "circle_blockchain": "ETH-SEPOLIA", "circle_block_height": 9085520, "circle_network_fee": "0.000090094060317933", "circle_metadata": {}}	Circle API 동기화: INBOUND 거래	2025-08-29 00:03:10+00	2025-08-29 00:03:10+00	35
443	49	a146d0d3-4965-5897-b0f8-bed306aa2375	0x9a4c4d4a1c84e07f551bb5710ae59619b849a0c45a4d67890fa379763896bb6b	sent	completed	2.000000	USDC	\N	\N	\N	ETH-SEPOLIA	ETH-SEPOLIA	0x3bfced9e16f500ddd56fc58cc73dd3c5cee8dee6	0x721ffc290ea1c11c6601344d68fff1d87c8ad053	\N	\N	\N	\N	\N	\N	{"circle_transaction_id": "0a97db02-987c-5415-a139-83a9eb27bc29", "circle_wallet_id": 35, "circle_status": "COMPLETE", "circle_type": "OUTBOUND", "circle_operation": "TRANSFER", "circle_blockchain": "ETH-SEPOLIA", "circle_block_height": 9082238, "circle_network_fee": "0.000498719739224532", "circle_metadata": {}}	Circle API 동기화: OUTBOUND 거래	2025-08-28 12:57:02+00	2025-08-28 12:57:02+00	37
444	49	40e1031b-8903-579a-9bcd-9d771b777877	0xbe6ee59b21ac13b22dc409fe7034663c86feb133751458c3c55dae7be1473aef	sent	completed	1.000000	USDC	\N	\N	\N	ETH-SEPOLIA	ETH-SEPOLIA	0x3bfced9e16f500ddd56fc58cc73dd3c5cee8dee6	0x721ffc290ea1c11c6601344d68fff1d87c8ad053	\N	\N	\N	\N	\N	\N	{"circle_transaction_id": "179517df-2d6f-5f22-815c-19ca030ff27e", "circle_wallet_id": 35, "circle_status": "COMPLETE", "circle_type": "OUTBOUND", "circle_operation": "TRANSFER", "circle_blockchain": "ETH-SEPOLIA", "circle_block_height": 9082235, "circle_network_fee": "0.000987344713640296", "circle_metadata": {}}	Circle API 동기화: OUTBOUND 거래	2025-08-28 12:56:32+00	2025-08-28 12:56:31+00	37
\.


--
-- Name: circlepay_connection_test_id_seq; Type: SEQUENCE SET; Schema: public; Owner: postgres
--

SELECT pg_catalog.setval('public.circlepay_connection_test_id_seq', 1, true);


--
-- Name: kyc_documents_id_seq; Type: SEQUENCE SET; Schema: public; Owner: postgres
--

SELECT pg_catalog.setval('public.kyc_documents_id_seq', 19, true);


--
-- Name: transactions_id_seq; Type: SEQUENCE SET; Schema: public; Owner: postgres
--

SELECT pg_catalog.setval('public.transactions_id_seq', 510, true);


--
-- Name: users_id_seq; Type: SEQUENCE SET; Schema: public; Owner: postgres
--

SELECT pg_catalog.setval('public.users_id_seq', 49, true);


--
-- Name: wallets_id_seq; Type: SEQUENCE SET; Schema: public; Owner: postgres
--

SELECT pg_catalog.setval('public.wallets_id_seq', 38, true);


--
-- PostgreSQL database dump complete
--

